{
	"player": {
		"health": 25,
		"position": {
			"x": 455.009674072266,
			"y": -231.126342773438
		},
		"scene": "res://scenes/maps/level1.tscn",
		"score": 0
	}
}